customer_hash,repeat_actual,prob_logreg,prob_rf
4327e42f,0,0.4891,0.3955
2e6b0c6f,0,0.3863,0.1169
41a8cb5a,1,0.4785,0.2498
32308b62,0,0.3791,0.2132
94b5e37f,0,0.6592,0.2748
a3a074d8,1,0.5054,0.5162
90c8fdea,0,0.3404,0.1006
af4430bc,0,0.3352,0.3809
a452072f,1,0.3005,0.1786
05632083,0,0.5021,0.3135
bd3eb008,0,0.6503,0.3172
666d5568,0,0.42,0.2916
b967e70c,1,0.4297,0.1075
bf7b29f8,0,0.5417,0.5145
210fde4a,0,0.396,0.2051
9c1733f0,0,0.4957,0.379
15f9d00a,0,0.469,0.2623
8b9c614a,0,0.4158,0.2852
8bff0695,0,0.4009,0.3209
a7ec1c5c,0,0.4383,0.1418
2b2ae543,0,0.5087,0.2115
e34d362a,0,0.3675,0.3056
a7e14bf4,0,0.3537,0.2833
6d797469,0,0.3509,0.2722
c96b735c,0,0.3726,0.3115
4016aec3,0,0.3237,0.2857
378414ec,0,0.4312,0.615
640d5548,0,0.5293,0.2819
f200dfda,0,0.6839,0.4258
a584d651,0,0.5409,0.6311
35561c3b,0,0.3468,0.2126
099a508d,0,0.4496,0.3972
a88e7bef,0,0.4485,0.2726
3fb397fa,1,0.513,0.6493
7e98d99a,0,0.4738,0.2658
0847e9ed,0,0.637,0.3061
719ec764,0,0.4671,0.4297
c47850a6,0,0.5398,0.3439
65826810,0,0.4757,0.2569
75c4cac8,0,0.4013,0.3527
27bcdd2e,0,0.4477,0.5617
a8d8bff9,1,0.436,0.4198
58c0cfd8,0,0.3553,0.1778
383e67dd,0,0.4892,0.1228
97970f7f,0,0.5433,0.3882
cf3d7a02,0,0.6065,0.185
6898fc84,0,0.4637,0.3424
7ff7480c,0,0.5195,0.3642
471ce4cb,0,0.6912,0.3499
a4cf3003,0,0.472,0.4124
88c548c8,0,0.8074,0.6131
ac17bd02,0,0.3408,0.4809
02eac570,0,0.3858,0.2643
00f1d0fa,0,0.3737,0.4892
8590d2d0,0,0.6605,0.4351
3f9faa5d,1,0.4462,0.1928
1a1eb7b2,0,0.6074,0.4544
226ee570,0,0.4412,0.5185
ae10ed6e,0,0.5396,0.2517
d3ef6425,0,0.4767,0.3895
9ba64702,0,0.4274,0.3304
73e89be3,0,0.4084,0.3924
d609d63c,0,0.414,0.3426
6a74d544,0,0.4358,0.3157
4f2fc901,0,0.4705,0.2328
20ef2302,0,0.6501,0.4978
f50cd772,1,0.6084,0.6074
c44aabbf,0,0.6749,0.4929
cdffc1b1,0,0.6494,0.5538
46643585,0,0.4415,0.494
ed618e60,0,0.4898,0.1974
cc90192d,1,0.5416,0.4347
e5e48d78,0,0.3376,0.2278
4ef9ba79,0,0.6043,0.3672
3633d751,0,0.5023,0.4377
59e814e8,0,0.5119,0.4971
89016986,0,0.4815,0.3323
194eb2aa,0,0.4023,0.1926
8ef2ed8d,0,0.5452,0.3503
2bfcf20f,0,0.1781,0.1575
0e915de1,1,0.5054,0.5162
d7d541cc,0,0.3885,0.4318
ad62a794,0,0.3785,0.2846
85195264,1,0.4993,0.1836
f3d4094b,0,0.4973,0.1741
4b0ec8c8,0,0.3683,0.4488
84b3803d,0,0.4154,0.1531
4dfb3d13,0,0.4121,0.158
a9811407,0,0.4416,0.1565
9c2744b6,0,0.4967,0.3196
2b3622a2,0,0.5527,0.3087
e970f862,0,0.5269,0.3763
e83653e4,0,0.4884,0.4076
6971713f,0,0.6094,0.4989
3ae1bfa9,0,0.3667,0.2344
5466a64f,0,0.5261,0.4232
d23e4a21,0,0.453,0.4095
d82d8aff,0,0.6731,0.4144
1f98d25c,0,0.6199,0.4758
6b448ba5,0,0.4915,0.4138
f50361a8,0,0.4873,0.3316
34bfd133,0,0.4559,0.5277
b92befce,0,0.5873,0.3589
9bad00cb,0,0.3268,0.2898
b4c4e9dd,0,0.3422,0.3553
b8320362,0,0.3931,0.3394
323e63de,0,0.536,0.4592
3d2298d8,0,0.4065,0.1249
d02a3e60,0,0.4753,0.518
67919eae,0,0.4356,0.179
20323ca0,0,0.4314,0.226
9ecf7f61,0,0.3711,0.1282
718b3bed,0,0.5609,0.6915
bc049425,0,0.393,0.2372
2c864930,0,0.6586,0.3622
c206256a,0,0.5057,0.4312
c20b2cd6,0,0.6263,0.5858
782e8c28,0,0.5799,0.2661
e5087c3c,0,0.3979,0.3342
6159a697,0,0.6844,0.2902
0b69762e,1,0.453,0.4095
84814e4e,1,0.4859,0.2596
dd979fcb,0,0.5675,0.3008
9c9ea7b9,1,0.3815,0.2231
403fc7ae,0,0.445,0.5379
7999e8c5,0,0.3888,0.2601
73154003,0,0.5014,0.4496
31e666a8,0,0.5436,0.7032
675f8b39,0,0.4491,0.2341
c46d63eb,0,0.4973,0.3974
fe35d549,0,0.467,0.496
181bb625,0,0.4321,0.1952
111e2a04,0,0.3284,0.5137
5d3af2d1,0,0.489,0.2362
2cbfc859,0,0.4814,0.5489
bb6cc698,0,0.5288,0.4294
0f0b47c1,0,0.344,0.1061
d6ab5a3a,0,0.6416,0.3725
1d65be2c,0,0.3882,0.3317
2e2866ba,0,0.3599,0.2183
b364d412,0,0.4889,0.4829
db4dbd05,0,0.3707,0.2322
b000c997,0,0.4366,0.3167
1fd313bb,1,0.483,0.452
087b2491,0,0.3711,0.1584
8fe66b89,0,0.4412,0.5185
1a4475ae,0,0.5279,0.562
c32b4471,0,0.4363,0.2425
b0c18504,0,0.6637,0.5432
a1c34b60,0,0.4059,0.3713
5f0e86fd,0,0.6587,0.2604
c6c746a0,0,0.5278,0.3413
c54a156a,0,0.6298,0.4294
597ce4b6,0,0.4623,0.3243
d7ce7619,0,0.5956,0.4524
418dcc26,0,0.3901,0.2852
f31459ff,0,0.4533,0.4494
7ee45432,0,0.6477,0.3499
5c2c0be8,0,0.4395,0.2777
073b5a01,0,0.4064,0.4599
c66e6e70,0,0.501,0.5397
b824dbc7,0,0.4365,0.2646
9e14e8ca,0,0.2969,0.0875
caaaae0c,0,0.6245,0.4596
9bc5faa7,0,0.5296,0.1974
772faec0,0,0.4253,0.4606
0e0c2fb9,0,0.5353,0.4896
839d9bbc,1,0.4167,0.4688
765e0093,0,0.5437,0.4577
56f1b339,0,0.4318,0.368
61040138,0,0.404,0.1719
6cc9125e,0,0.3887,0.1635
8b1dbf9f,0,0.4067,0.3783
89d43f78,0,0.4621,0.3423
c0a86ca9,0,0.5049,0.2411
37b6f9d5,0,0.321,0.288
ccadbf6c,0,0.5783,0.1998
9f2bc3e1,0,0.4289,0.3462
3024f1a1,0,0.4328,0.5054
098e9f65,0,0.4628,0.2533
0d8bf43a,0,0.3256,0.1167
a9f01c62,0,0.3865,0.4681
dd3bc661,0,0.4586,0.236
2e16dc40,0,0.5357,0.4212
c73dafeb,0,0.3752,0.1859
66a538d1,0,0.4145,0.2341
928e5850,0,0.7307,0.4043
4f9ac0ed,0,0.4857,0.5332
16254bbf,0,0.4559,0.5277
85befc57,0,0.2954,0.2725
1d647a09,0,0.4452,0.2618
dd85f51f,0,0.4282,0.2242
f71800cd,0,0.4948,0.1422
a53b4be2,0,0.6519,0.5726
c88f8478,0,0.3713,0.1086
442b8cda,0,0.3744,0.2586
82d34015,0,0.501,0.5397
2914b9ce,0,0.6084,0.5067
7147e611,0,0.3794,0.263
5c96f5fc,0,0.386,0.2676
f1cc7fdf,0,0.4485,0.2071
25e229cc,0,0.3977,0.4377
802488a8,0,0.4844,0.3837
4b1bb3d6,0,0.6524,0.4935
5bf9e981,0,0.3875,0.377
7c8c17ed,0,0.4321,0.1419
5302306d,0,0.5223,0.251
19e39756,0,0.4137,0.3661
8e144eb8,0,0.478,0.6343
dbb3da12,0,0.3979,0.3342
0877ec04,0,0.4579,0.5084
48511fb6,0,0.4381,0.4559
52bd0e7b,0,0.5588,0.4857
a0d66bc4,0,0.477,0.2072
b0d13803,0,0.3699,0.1739
dc914fda,1,0.3381,0.3837
955deb5d,0,0.4942,0.3957
c4611be1,0,0.5389,0.2679
6c934077,0,0.4113,0.2923
bd43d670,0,0.5979,0.2851
8f4270bd,0,0.3257,0.1725
ebdf4d25,0,0.4147,0.407
07aa8c7f,0,0.6057,0.5715
4f71ee98,0,0.5903,0.4255
8e29d5ca,0,0.4771,0.1319
480f2607,0,0.6603,0.2364
b271c48f,0,0.4559,0.5277
5cf6fd74,0,0.4356,0.1387
8baa7bba,0,0.453,0.4095
42f146ba,0,0.4833,0.5367
18f50ec3,0,0.3348,0.1653
9d4640ec,0,0.6828,0.5585
146d75e9,0,0.4996,0.2908
d4cb3b9e,0,0.4918,0.3389
8bf82d7d,0,0.5327,0.3706
a3c0ec82,1,0.5012,0.4564
a6a79958,0,0.3545,0.3574
ea637bcb,0,0.6814,0.3321
dbaa0fde,0,0.5062,0.3148
5c3281db,0,0.501,0.5397
884a556c,0,0.4806,0.2076
ebedac09,0,0.3624,0.2693
85ddab4e,0,0.5677,0.7092
942db9f3,0,0.501,0.5397
d351572a,0,0.3683,0.4488
faae2acf,1,0.5015,0.4797
ea292a1e,0,0.6128,0.2849
bfd55e56,0,0.3447,0.2701
595ad888,0,0.4921,0.1559
57ae79a8,0,0.6963,0.6412
572aadee,0,0.5211,0.4612
d0cea4c2,0,0.4401,0.2657
7466d70a,0,0.4026,0.3838
0b3c7e32,0,0.434,0.1019
786233f1,0,0.4491,0.2341
0c88ca7f,0,0.4602,0.2363
d32f11e7,1,0.3908,0.3186
a8a63be9,0,0.423,0.3333
416a8adf,0,0.4375,0.5473
a031285c,0,0.5905,0.3111
2c7f8bed,0,0.385,0.2026
eca2c09b,0,0.3882,0.3317
b35e1b99,0,0.4445,0.3678
3e765d8a,0,0.5779,0.426
4f3191c0,0,0.4267,0.4805
587c2ccf,0,0.3908,0.2305
a00d8d32,0,0.4568,0.3146
56a2bc01,0,0.4442,0.4921
a6e8f3c4,0,0.483,0.452
68a93b43,0,0.528,0.5318
f534e809,1,0.4408,0.3519
fd94160a,0,0.6662,0.3282
8cc59674,0,0.6676,0.5952
76465d91,0,0.4639,0.3025
531ff521,0,0.3913,0.1998
a77a8517,0,0.5038,0.2545
2497a819,0,0.4084,0.2053
935c4bb6,0,0.5406,0.5888
c5c99093,0,0.4967,0.3867
369f2734,0,0.5808,0.359
213fb4cf,0,0.5642,0.3812
b382f734,0,0.4356,0.1387
4670f99f,0,0.473,0.2223
fca0e3a9,0,0.4009,0.3209
397ea2e0,0,0.393,0.2605
26e0c8fe,0,0.6184,0.37
4b2367fd,0,0.4654,0.4138
a2e5eac2,0,0.3752,0.1859
e964a347,1,0.4262,0.2679
060d8a5d,0,0.366,0.4651
298b561f,0,0.5592,0.4068
8f330c6a,0,0.4654,0.4138
b798ba7a,0,0.436,0.4198
9e61d3b6,0,0.4017,0.1406
7e3fa2af,0,0.4468,0.4599
db2422a0,0,0.4894,0.219
62e1aa22,0,0.4655,0.3853
baea5d28,1,0.4922,0.6147
afde609c,0,0.5251,0.5595
76b2bdc8,1,0.4204,0.4191
36505690,0,0.4578,0.4089
d9aee08e,0,0.418,0.286
f433289c,0,0.5479,0.3262
f4acf500,0,0.5177,0.3228
8dadcdd0,0,0.5601,0.3257
1430149e,1,0.4708,0.4111
1c530bbe,0,0.414,0.3426
d5a8a162,0,0.6994,0.5205
5a95f222,0,0.6131,0.5176
6620e2ea,1,0.5913,0.3789
42c2e5e1,0,0.4557,0.3571
a62b82b9,0,0.4796,0.312
9b4011a2,0,0.4835,0.2538
941d6b02,0,0.6636,0.4023
d275c5cd,1,0.6524,0.4935
ca877d29,0,0.3977,0.237
87bc427a,0,0.3936,0.3513
0183eea3,1,0.5609,0.3664
a2f8a93d,0,0.3882,0.3317
e26e5feb,0,0.4356,0.1387
d6e6496f,0,0.5804,0.3624
a1bef29b,0,0.6719,0.4109
ff40cc62,1,0.5148,0.299
500e9cbe,0,0.5237,0.1772
70227403,0,0.3893,0.3456
3ed17ee3,0,0.5276,0.4527
f8ac82ff,0,0.3315,0.3808
5b091a03,0,0.3628,0.1227
c18a4098,0,0.3979,0.3342
736ae30e,0,0.5038,0.2545
15241558,0,0.6686,0.303
39a46916,0,0.4845,0.5111
3886da32,0,0.4495,0.3262
606f14a3,1,0.4905,0.4465
d4a2c76d,0,0.4388,0.4685
41872365,0,0.3336,0.1963
102af32e,0,0.4332,0.4799
48c16b33,1,0.4596,0.3039
bbe5a015,0,0.5337,0.3783
3529dfeb,1,0.577,0.4221
dbb438a5,0,0.4973,0.3974
30068860,0,0.5654,0.3297
3bcdd317,0,0.4522,0.5217
e1a4ea4b,0,0.5195,0.3642
943b78e4,0,0.4566,0.3668
497b153c,0,0.4466,0.1983
aff6573b,0,0.386,0.2676
f5baf13f,1,0.5561,0.4196
c9d22b92,0,0.6191,0.2317
f93cbda8,0,0.549,0.361
234173f7,0,0.6156,0.5426
4b84dfd2,0,0.4567,0.2849
b14658a7,1,0.7054,0.4474
80530a33,0,0.6978,0.4029
3109fc97,1,0.4536,0.1834
e12d2692,0,0.5646,0.6027
e3cb1262,0,0.4386,0.2854
afa6c1dd,0,0.3785,0.2676
36f823ac,0,0.5061,0.6379
05f8ab9d,0,0.5195,0.3642
755523d4,1,0.5664,0.2991
89546d2f,0,0.4299,0.4321
2f172190,0,0.4995,0.1904
9f04b847,1,0.5489,0.5278
37d9c83a,0,0.6296,0.4351
bfbc6f87,0,0.4571,0.2546
cee143cc,0,0.4049,0.2537
3fa7bb50,0,0.4967,0.3867
aa131b5d,0,0.4347,0.2324
50a27932,1,0.5794,0.5958
85e329da,0,0.4851,0.3232
8c6a889f,0,0.3229,0.3259
f59ea591,0,0.3468,0.1346
07c02972,0,0.645,0.2601
2f6a9bc1,0,0.6501,0.2706
439918e1,1,0.4417,0.191
7454fadb,0,0.53,0.2575
3dca4e8b,1,0.715,0.3032
edc8559f,0,0.4788,0.3428
99bbd710,1,0.545,0.6109
50e22902,0,0.5144,0.5504
92cd4bc7,0,0.5195,0.3642
6e1183bd,0,0.5835,0.5716
17fe9220,0,0.5391,0.2843
54be5132,0,0.4643,0.2443
37478621,0,0.5558,0.5558
a928d322,0,0.4376,0.1835
4fedc131,0,0.557,0.2434
54460fd0,0,0.4324,0.3261
24c53b8b,1,0.647,0.5025
88dd4f43,0,0.4382,0.2498
a59a4ad3,0,0.4085,0.2854
75dba4c2,0,0.4375,0.4355
48725a27,0,0.5906,0.5774
99f02faf,0,0.6293,0.6116
edbe2c70,0,0.4779,0.3505
53a4e6b7,0,0.6266,0.2032
cb61abf2,0,0.5952,0.2319
1be40ebf,0,0.4838,0.4935
fb94e8df,0,0.427,0.3397
70e4e645,0,0.3054,0.0701
47b3859a,0,0.5207,0.305
c1bd54a1,0,0.4351,0.3993
de9da9b1,0,0.4406,0.4877
7ec4983f,0,0.4986,0.2052
2e66a4ce,0,0.3886,0.3239
9297a897,0,0.4013,0.3527
56d1ca25,0,0.4121,0.158
2ea05108,0,0.3553,0.2561
a16c7a75,0,0.32,0.1275
92b7ac6c,0,0.552,0.2218
13cb684d,1,0.6032,0.1933
ee0749e9,0,0.407,0.3049
d5a6ed58,1,0.365,0.2568
5cdb6fb2,0,0.5406,0.5888
a66482b9,0,0.6575,0.5552
d033442c,0,0.5869,0.4809
f24cf42b,0,0.6512,0.3754
73796681,0,0.6251,0.2975
eecd1e6c,0,0.6515,0.6335
df8c8170,0,0.6301,0.5298
24064df9,0,0.4869,0.5071
b874fedd,0,0.5919,0.42
3f7fd8f4,0,0.6149,0.3759
22e55868,0,0.4729,0.3848
cb5d0323,0,0.4325,0.098
055a7b2f,0,0.3504,0.1926
5332907f,0,0.6668,0.3449
ce6bfeba,0,0.4296,0.131
38ea08e6,0,0.4823,0.3065
692b727f,1,0.7022,0.6036
9c9debd5,0,0.4729,0.3129
f7f4ccc5,0,0.3709,0.1557
ed0bc47e,0,0.4029,0.1976
a714b4fd,0,0.4683,0.138
cb4a6e0a,0,0.6674,0.4158
1c13360c,1,0.6181,0.2326
03d46c27,0,0.3816,0.211
b26bdb08,0,0.4298,0.3878
0f38aa99,1,0.3865,0.194
4858fba6,0,0.4436,0.408
711f1826,0,0.5146,0.3331
1f47fa7b,0,0.4708,0.4111
41e2e446,0,0.4689,0.2653
d4a700a3,0,0.5325,0.4914
f7e44ec4,0,0.4677,0.6029
82ea15bb,0,0.2652,0.258
5df9fd02,0,0.4244,0.2537
1656b24c,0,0.4328,0.5054
63bc665d,0,0.3947,0.3831
075343ee,0,0.4355,0.4949
af03314f,0,0.5592,0.4068
298f89c6,0,0.5268,0.3436
69884dc4,1,0.5707,0.6057
7fca72b6,1,0.6958,0.5476
ed284999,0,0.4147,0.2849
424419c4,0,0.4284,0.3973
5f1adde1,0,0.4229,0.2172
1d8ff7f8,0,0.434,0.1019
ca110980,0,0.5659,0.2734
630788e0,0,0.3156,0.3082
e23d9fc1,0,0.3163,0.204
4f9543ef,1,0.4659,0.4323
a52b0fd1,0,0.4815,0.3323
6d6e01e9,0,0.6497,0.3
df31b198,0,0.31,0.0875
a2002b8a,0,0.501,0.5397
a779d3be,0,0.3694,0.3747
a0aa8406,0,0.5911,0.3201
9257130f,1,0.2581,0.3449
89568834,0,0.5745,0.3996
7e5c970c,0,0.6228,0.3709
72055a5c,0,0.6275,0.5461
6bf4143c,0,0.3977,0.237
81692a87,0,0.492,0.2711
c0d57f2c,0,0.6727,0.4957
236c3667,0,0.686,0.4039
0bbfc49f,0,0.609,0.1351
5118e042,0,0.551,0.3566
27d50bed,0,0.4681,0.4801
7a2d8c16,0,0.2605,0.4032
c4f94251,0,0.4472,0.2989
dac25bba,0,0.6325,0.3674
559cee52,0,0.6195,0.4804
b95cc14e,0,0.5046,0.3158
b2f07e64,0,0.5842,0.4511
39c456cc,0,0.2827,0.2555
08623165,0,0.5366,0.2875
58c54cbf,0,0.344,0.2652
30fef7f4,0,0.6124,0.544
aa7b0a46,0,0.414,0.3426
ec89bc18,0,0.3834,0.177
3881925b,0,0.4321,0.3825
ddcfbf13,0,0.428,0.46
534232a3,0,0.4371,0.1585
93103b2a,0,0.4651,0.1879
72ee3033,0,0.462,0.492
34ff2f34,0,0.5021,0.3135
e10cdd6f,0,0.5424,0.4613
6b867f85,0,0.3699,0.1739
40ecd191,0,0.3807,0.1914
f0c23271,0,0.6108,0.4713
d8e2f4f6,0,0.6038,0.348
38a13a16,0,0.4874,0.5632
441330eb,0,0.5434,0.3477
2375255f,0,0.6778,0.4918
9288ef92,0,0.6192,0.29
a6bbeebb,0,0.4231,0.3096
0cc45d3d,0,0.4037,0.3172
6964547d,0,0.4093,0.1906
7b5f8885,0,0.3321,0.2398
73272e40,0,0.4917,0.3178
b6111fef,0,0.047,0.3604
f8c45ea6,1,0.3867,0.3467
8bda3e66,0,0.5457,0.2927
06cc21f7,0,0.4212,0.2131
96a3cd5e,0,0.4332,0.4799
aeadac9b,0,0.4791,0.3715
83a2c259,0,0.3485,0.2637
a6bd596f,0,0.512,0.3426
fde46967,0,0.3368,0.4828
7bc777ec,1,0.3683,0.4488
a045feeb,0,0.6708,0.4291
aae36a0f,0,0.5808,0.359
344bb445,0,0.423,0.3306
14c4f35e,0,0.574,0.4236
9c90e2ab,0,0.3991,0.317
98a9a4aa,0,0.3908,0.3186
2d9f3379,0,0.6524,0.4935
8f2a4736,0,0.4654,0.4934
e2db3ea8,0,0.4931,0.3009
59557b1c,1,0.6263,0.5858
2902a089,0,0.6764,0.5477
96989bf8,0,0.3149,0.4282
9472f746,1,0.4208,0.2395
63971dd0,0,0.5454,0.4241
4bb7e9a0,0,0.5077,0.2345
b73e5a08,0,0.4726,0.1775
06ad9bda,0,0.663,0.4897
15b8db90,0,0.6838,0.5179
0ffd3207,0,0.321,0.288
f40cd8e9,1,0.3699,0.1739
1ded8a2f,1,0.6679,0.3697
65911f8e,0,0.4396,0.2318
0c626ee0,1,0.6259,0.2776
67f484aa,0,0.4176,0.3645
2909a05b,0,0.5776,0.5195
b2945ec9,0,0.3712,0.4287
28231c7f,0,0.4651,0.1879
d5959ee0,0,0.4139,0.1786
0dc26b43,1,0.5413,0.3851
8fafc184,0,0.3661,0.106
3e83a66c,0,0.4624,0.3252
122a8d66,0,0.4903,0.2764
794cd04a,0,0.4341,0.3617
607ff33a,0,0.4477,0.5617
b0b2ac54,0,0.5995,0.25
b57e2a8f,0,0.4821,0.4115
d5b2381a,0,0.5458,0.3824
915f61ec,1,0.3953,0.5096
38480e04,0,0.58,0.4611
907af25d,0,0.6036,0.3486
5b80ade9,0,0.4589,0.5124
e523e786,0,0.3875,0.377
ef9b4360,0,0.4609,0.3473
fb137816,0,0.5038,0.2545
19092667,0,0.4839,0.2317
7ac24ea5,0,0.501,0.5397
20184696,0,0.3644,0.2894
bdfe6888,0,0.5539,0.5638
d2a04847,1,0.4672,0.4193
d79385fe,0,0.532,0.5109
e080c69f,0,0.3711,0.1242
232467ab,0,0.3683,0.4488
cd3df3b8,1,0.4071,0.3717
d8cbb52e,0,0.3803,0.2879
33fa56e6,0,0.4323,0.3562
1b103d5a,0,0.3777,0.2719
a8081bc3,0,0.5103,0.3534
876e2ec2,0,0.4526,0.4742
a99ce0f1,0,0.6343,0.4454
f56788db,0,0.288,0.1507
080f4161,0,0.4639,0.362
f55d1614,1,0.5371,0.49
c19b4613,0,0.4838,0.4935
4637a3e9,0,0.4083,0.2301
3ad13974,0,0.4762,0.3475
8ada1d4e,0,0.4443,0.504
0ba811db,0,0.4655,0.3503
5baa7750,0,0.4638,0.4005
1f67859d,0,0.417,0.4445
b0234b66,0,0.7125,0.3413
13c47c8e,0,0.4892,0.2329
d7872f03,0,0.5226,0.4356
857b0771,1,0.6204,0.5294
3b9321d5,0,0.483,0.452
7f27c561,0,0.3548,0.4649
2ef0e2bc,0,0.369,0.3283
5e006ecd,1,0.5137,0.2219
6268eb40,0,0.4358,0.2125
2d52fa8f,0,0.6116,0.46
158eb8c4,0,0.4844,0.1851
d365e81b,1,0.5626,0.5456
9c080e56,1,0.4427,0.1744
f53b2021,0,0.4064,0.4599
49f5c8e8,0,0.417,0.4445
36083612,0,0.4599,0.259
9a95f449,0,0.4836,0.1471
0489e6de,0,0.3757,0.3775
9706cd0c,1,0.3875,0.377
7687354d,0,0.3538,0.189
2cea3eeb,0,0.6305,0.367
0dfd483c,0,0.4341,0.3468
640824ff,0,0.5386,0.4483
cdb8051a,0,0.4586,0.236
98954c34,0,0.6303,0.6284
78e3a053,0,0.4471,0.4068
2b7a5f32,0,0.3722,0.2523
23f4e683,0,0.3316,0.3107
99bbecdc,0,0.4506,0.36
37087c80,0,0.5617,0.3556
08527b35,0,0.351,0.2129
471df398,0,0.4477,0.5617
240a225b,1,0.6087,0.3919
5080c739,0,0.4667,0.3158
9bd1ab32,0,0.3571,0.2611
90f895ea,0,0.4447,0.2416
14220661,1,0.4902,0.3444
68a5bb97,0,0.6044,0.4665
03f5be7a,0,0.4064,0.4599
d3a065a2,1,0.5483,0.4683
a306a024,0,0.3901,0.2852
6ae963ef,0,0.6135,0.5251
eb0327b4,0,0.3948,0.1735
8d314ce0,1,0.6221,0.4349
58a5abf2,0,0.637,0.4866
7b250c62,0,0.3979,0.3342
b46eca5c,1,0.3145,0.2861
63135457,0,0.5211,0.4419
393dcf90,1,0.4849,0.3631
56e8167c,0,0.5645,0.359
7d3ced6d,0,0.4296,0.4927
cdb71649,0,0.4721,0.4435
ac22b754,1,0.2459,0.3801
17891721,1,0.453,0.4095
c6c082d4,0,0.4208,0.2395
6606d80d,0,0.5629,0.3295
fc40ab9a,0,0.4221,0.2281
cdac381c,1,0.5375,0.342
0955f370,1,0.4364,0.2061
a08150bc,0,0.3699,0.1739
00d1a2d1,0,0.3711,0.1584
ec27cb0a,1,0.3038,0.24
d05b3468,0,0.439,0.1029
64f0d956,0,0.4796,0.312
db115c4c,0,0.6238,0.3977
bf4b8233,0,0.3497,0.1679
8bd77ef4,0,0.4408,0.3805
9a1a347f,1,0.4007,0.2342
a9e9ba9e,1,0.4231,0.3376
98873c09,1,0.4395,0.3092
6bbdb3b8,0,0.2925,0.2004
654f07d5,0,0.4381,0.4559
5f85f1d7,0,0.5398,0.4298
257087fa,0,0.4093,0.1906
3a745e83,0,0.4015,0.1757
4b47237e,0,0.535,0.474
adc039cd,0,0.2997,0.1119
1bd8d6be,0,0.6622,0.3153
a480e7b0,0,0.6169,0.3054
ee23aeff,0,0.4586,0.3275
f2e01ff8,0,0.7063,0.4239
7b9b27f4,0,0.4526,0.3035
86a43d6c,0,0.5237,0.3338
71fd0a2f,0,0.2994,0.1322
0aecd1f0,0,0.5489,0.5278
59b6416a,0,0.3875,0.377
d0a7ef1d,0,0.3258,0.4537
2a543970,0,0.404,0.1676
6513e9f0,0,0.6686,0.2831
a1410ecb,0,0.472,0.4124
238ab9fa,0,0.6016,0.4782
41540703,0,0.3593,0.2436
0f12fcb3,0,0.4712,0.2561
b9051c88,0,0.4778,0.4604
cecef9b7,0,0.4477,0.5617
5d1703b0,0,0.3699,0.2125
74cb18f4,0,0.483,0.452
8a47d1c3,0,0.6564,0.3916
1aa061d6,0,0.4671,0.4297
ebb0d77e,0,0.3847,0.2293
9ab75a8d,0,0.6908,0.593
7ed37351,0,0.4427,0.1744
a08d96b5,0,0.4013,0.3527
d8d7aa02,1,0.4009,0.3209
ffc012cf,0,0.468,0.4179
6e2b43bd,0,0.4506,0.4321
1dee66f4,1,0.4926,0.3635
36092d09,0,0.436,0.4198
dd6b621a,0,0.4497,0.5213
da13fa58,0,0.5228,0.3257
28b8d9b3,0,0.5456,0.4576
3fe1e8a3,0,0.4274,0.2159
d695405e,0,0.4351,0.376
0e2b97c7,0,0.403,0.3807
ed8bbe78,1,0.3306,0.2108
68eafdb4,0,0.5182,0.3428
8f5e5249,0,0.4424,0.2814
cbb8494b,0,0.4955,0.41
8e43fd90,0,0.448,0.1942
1582b477,0,0.5133,0.4038
41aec783,1,0.5084,0.6574
0c1b4d75,0,0.499,0.335
a926d37c,0,0.4113,0.2923
0e6e1479,0,0.5958,0.2674
db42d57d,0,0.4289,0.3462
5f6fca18,0,0.3858,0.3447
61d3f754,0,0.4375,0.4355
baf43874,0,0.3946,0.3617
4590fb6f,0,0.4616,0.4054
ddf6a035,0,0.5021,0.3135
c5461eec,1,0.6488,0.3073
139c03d3,1,0.4838,0.2011
8553ff9c,1,0.5261,0.4232
bb530430,0,0.396,0.3112
1f5414c8,0,0.3978,0.1099
1b283dd2,0,0.6044,0.2641
999b4d71,0,0.4484,0.6303
36c261b8,0,0.427,0.3397
0b1fe9a7,0,0.3963,0.5173
384a6625,0,0.5314,0.4718
4a4b052b,0,0.5952,0.6245
cb0a0491,0,0.3758,0.3715
11665348,0,0.428,0.1741
4a74bf77,0,0.6993,0.3284
cf89e9c5,0,0.5679,0.2917
f9ffedea,0,0.5896,0.5633
73b57507,1,0.6372,0.5623
8ff01c98,0,0.4912,0.2628
a2d36e7d,0,0.5819,0.5654
7cbc37eb,0,0.4766,0.1976
5efdec9a,0,0.3437,0.1304
a13d8100,0,0.4621,0.3915
b7e6175e,0,0.5683,0.329
01fb11d2,0,0.3724,0.3918
f73a73e1,1,0.5155,0.5294
7e7c8d91,0,0.4907,0.2356
03d29a15,0,0.377,0.2812
7da81dcb,0,0.6072,0.5996
52001f3c,0,0.5329,0.3533
8897c596,1,0.4304,0.3838
df89fc56,0,0.598,0.1527
9cb562b7,0,0.6714,0.4263
136ebbcc,0,0.3249,0.4706
3f0dd209,0,0.453,0.4095
c2066641,1,0.5097,0.2633
ca119739,0,0.4354,0.454
94fb9d5f,0,0.4433,0.1933
a64b80e0,0,0.4328,0.5054
b140b89b,0,0.4889,0.2024
622b7c0b,0,0.4116,0.3481
5ef7e11a,0,0.5015,0.4261
eccc8cbb,0,0.4765,0.5405
4adc7e6d,0,0.4598,0.409
16bf4ac3,0,0.4208,0.2395
09cfce25,0,0.3953,0.3278
1a6ad048,0,0.4586,0.236
82edd22f,0,0.4332,0.2776
edca22d8,0,0.4416,0.1565
a0a00f8c,0,0.4013,0.3527
be97db2e,0,0.4406,0.4877
35f0ca9d,0,0.3508,0.2415
59a481bd,0,0.4628,0.3399
ff55ce5a,0,0.4064,0.4599
1f869aab,0,0.5423,0.3635
df46edb1,0,0.6685,0.6647
f3a21c52,0,0.3365,0.2481
a5001e68,0,0.5059,0.3808
038dcba9,1,0.4712,0.2573
06695a79,0,0.6193,0.4318
cff3bfc3,0,0.6292,0.4233
544fc940,0,0.3815,0.4575
bf90780f,0,0.4696,0.3106
63c2db6b,0,0.4977,0.28
ca499f74,0,0.6341,0.4858
96e3bec8,0,0.3822,0.2839
f0c0473b,0,0.4477,0.3128
b9ca4e2f,1,0.6211,0.3465
fc81a42c,1,0.5881,0.6362
4f6c9098,0,0.4074,0.2032
dff5906f,0,0.445,0.5379
887d1da0,0,0.6189,0.3557
9ba40c67,0,0.4507,0.1943
7e47a428,1,0.5768,0.3104
765bdf27,0,0.4541,0.0737
902f19f6,1,0.3893,0.2149
b3ea2ca1,0,0.6313,0.3433
d0804856,0,0.5156,0.1345
6233d4b3,0,0.6817,0.5952
277935b9,0,0.4199,0.2683
7992fd3c,0,0.5592,0.4068
17242fa3,0,0.5541,0.165
9ba2c0b0,1,0.6053,0.6308
d300296f,0,0.6423,0.3605
caf1239f,0,0.5957,0.2745
fae939d0,0,0.589,0.5197
657da59f,0,0.4395,0.3092
67d1e827,0,0.5772,0.3904
05978359,0,0.4137,0.1986
86d0a415,0,0.5021,0.3135
1f588ba5,0,0.5703,0.3705
a80cf2b0,0,0.553,0.4542
00e8b4a4,0,0.4424,0.3124
9d9db9fc,0,0.59,0.3921
3a2b09c0,0,0.5279,0.4754
ea36e5f6,0,0.3389,0.1774
a1822423,0,0.7261,0.3707
a840b04b,0,0.3997,0.3333
599f2b95,0,0.5642,0.3227
0debcce7,0,0.3316,0.3107
986fa5ae,0,0.4064,0.4599
8be8e4e4,1,0.5293,0.5494
ac045e4a,0,0.4313,0.3496
3ad93c9f,0,0.4282,0.2771
7675c328,1,0.682,0.5088
509df146,0,0.5794,0.3301
c87e5eaa,1,0.3746,0.3111
c04fa215,0,0.3977,0.237
6d40cb61,0,0.6044,0.4767
207b14f2,0,0.4677,0.6029
6f6d35e7,0,0.5655,0.5161
bbb6ddda,0,0.4616,0.2424
5a5d1e69,0,0.4532,0.4149
115bb2bb,0,0.5002,0.4132
77b32104,0,0.4723,0.3106
05d200cc,0,0.4833,0.5367
c4a114a2,0,0.7069,0.3899
14dc18a4,0,0.3895,0.2046
1008713f,0,0.4096,0.4199
3065801b,0,0.4927,0.2367
9bf618a4,0,0.3255,0.2352
1352d8cb,0,0.3778,0.2207
07a68203,0,0.3856,0.1908
636ee66b,0,0.3399,0.2437
e343971e,0,0.5077,0.2345
4b677a47,0,0.4452,0.2618
65d20e44,0,0.3771,0.3129
f025390c,0,0.3948,0.1735
35827780,0,0.5504,0.4754
a914d499,0,0.529,0.2559
cb5b5a2c,0,0.4814,0.5489
e3c1c4f0,1,0.4643,0.5621
62f2bb96,0,0.51,0.6504
7114f022,0,0.4444,0.1562
32a887cc,0,0.3882,0.1315
83b222ca,0,0.5891,0.5583
23cb0830,1,0.5061,0.6379
1e651b5b,1,0.352,0.1978
be8b6cea,0,0.626,0.2984
f9a6e982,0,0.4065,0.1249
33adcd6b,0,0.5513,0.2033
77eea9a9,0,0.4861,0.3543
ab06871d,0,0.4769,0.2473
2413722d,0,0.6527,0.3686
fa8f1898,0,0.6189,0.4942
06f94313,0,0.2888,0.4273
d4293dc7,0,0.3875,0.377
a2356359,0,0.4104,0.2587
ed70ea64,0,0.671,0.4615
1be81558,0,0.4276,0.2731
19784892,0,0.4442,0.4921
b6108693,0,0.5678,0.4304
1358bcad,1,0.4926,0.3635
3305ad54,0,0.4147,0.407
f6b3a4a0,0,0.5228,0.5002
1794bf70,0,0.4123,0.5803
aa568363,0,0.3409,0.2277
03781b38,0,0.5348,0.587
0ca52273,0,0.4908,0.3141
a9e9be39,0,0.5675,0.3189
05205fd7,1,0.5916,0.3719
cc6c9bd5,0,0.598,0.1527
a9f5e13d,0,0.3907,0.3861
90571a1a,0,0.5698,0.4462
ea5b5428,0,0.4138,0.1878
f6cfbc4a,0,0.2799,0.1451
481f4fa7,0,0.4963,0.3634
f44814e5,0,0.4185,0.4208
dc3ceb62,0,0.351,0.2129
e757cd5f,1,0.6515,0.2938
b5c33e35,0,0.5961,0.2613
ff7c37af,0,0.4032,0.3643
5f1c0ef3,0,0.453,0.4095
36f0f24c,0,0.5807,0.4533
a2c2c00f,0,0.3752,0.2025
5ec5f174,1,0.4073,0.2317
6cfa0359,0,0.4158,0.3595
fc902d70,0,0.7179,0.636
d84cf74f,0,0.4242,0.4368
8d22c161,0,0.503,0.5157
088c9e64,0,0.6953,0.4218
c41ddb59,1,0.3733,0.2546
205cbf77,0,0.4205,0.2374
14d51f5e,0,0.4185,0.4208
a4958a6b,0,0.6355,0.5045
07b15b56,0,0.6649,0.5987
08fc0a39,0,0.5656,0.4645
e1b2a7e2,0,0.5146,0.6947
d3f96d97,0,0.453,0.4095
b6778458,0,0.406,0.2367
2cae315a,1,0.4121,0.158
130f0fc5,0,0.3608,0.4604
4bc3a2ce,0,0.6101,0.5659
b61f4135,0,0.4314,0.278
5c233eee,0,0.5341,0.3616
bdf8b030,0,0.4762,0.4018
c632ae74,0,0.6492,0.5555
5e1b6606,0,0.3491,0.1261
3a21b5db,1,0.2889,0.1981
b230017c,0,0.4985,0.1552
3af7b827,0,0.4512,0.1835
6c380c67,0,0.413,0.3098
08d6e425,0,0.5001,0.5836
833b93ad,0,0.4869,0.3739
90162c6c,0,0.5845,0.5246
ddca210b,0,0.4284,0.3973
f4adf32f,0,0.3462,0.2005
fddf3110,1,0.5348,0.587
9276b9e1,1,0.4232,0.1904
a8217a19,0,0.4927,0.2857
60a0696d,0,0.6091,0.2515
f2a0d0af,0,0.4639,0.5108
f8f06f0c,1,0.5762,0.4901
377a58c4,0,0.5408,0.5067
37c0ac0c,1,0.3704,0.2431
0a4a8ef2,0,0.3634,0.2987
6a40ccea,1,0.4352,0.4457
e4bb5c8b,0,0.3489,0.1858
17fc8dff,0,0.4662,0.2414
1afa27e0,0,0.619,0.4788
edaafb00,0,0.4013,0.3527
da38d93e,0,0.5463,0.3292
cbb96143,1,0.4032,0.0957
15f15462,0,0.5122,0.3486
4d0b077b,0,0.4453,0.281
b91228c2,0,0.6719,0.4109
aa9366b0,0,0.6657,0.4179
b4d0f43b,0,0.5332,0.5928
3ac621b1,0,0.6704,0.5534
641399e6,0,0.4115,0.2612
e9bec25f,0,0.4929,0.5419
f995effd,0,0.4983,0.4347
85074211,0,0.479,0.1919
4ace4f71,0,0.3752,0.2025
318d01d4,0,0.6745,0.5235
0dbcb7d4,1,0.4246,0.3044
adbc5ac1,0,0.3585,0.1485
d70ee6df,0,0.3908,0.3186
f3712a21,1,0.3709,0.1557
a3dfa8ae,0,0.4444,0.2569
d7428787,0,0.3413,0.1332
3d8c9a5c,0,0.5444,0.3518
61c3b8ac,0,0.4457,0.1498
43c0a314,0,0.5038,0.2545
a36336a8,0,0.444,0.4811
18c7f066,0,0.5002,0.2975
54cb7309,0,0.4692,0.3838
0fe9c6f3,0,0.5643,0.4449
69f2d5ed,0,0.5904,0.3439
33bc457c,0,0.4365,0.1907
3a1a1270,0,0.4356,0.1387
3cb99b85,0,0.4651,0.1879
cf4c0c73,1,0.4115,0.2544
2fc273fe,0,0.4466,0.1983
f3f66f44,0,0.5845,0.7256
71cbdf31,0,0.5014,0.3751
f492c000,0,0.404,0.4472
c7279de1,0,0.561,0.6915
5fd038eb,0,0.3258,0.1623
bfbc075a,0,0.3316,0.3107
2f1f796d,0,0.5304,0.4095
be136530,0,0.4122,0.2746
4e43bf90,0,0.4252,0.3267
98881f68,0,0.6571,0.494
5462ecd9,0,0.4916,0.2024
5f2a7dbe,0,0.6381,0.47
925d854e,0,0.6201,0.5205
dbaf608e,1,0.4306,0.297
8523d7c6,0,0.6057,0.5715
03613dae,1,0.4903,0.4765
f05ddbc8,1,0.5573,0.2436
83f56e34,0,0.4064,0.4599
50b3b3ee,0,0.4959,0.6819
bd476fdb,1,0.4025,0.5332
4eaa2da4,0,0.434,0.2243
79bcc31c,0,0.4806,0.2964
edfdf038,0,0.4184,0.2746
52212188,0,0.453,0.4095
fc132d10,0,0.501,0.5397
45022cb9,0,0.3524,0.2738
45237bf9,0,0.5048,0.2315
67fa17a0,0,0.4206,0.5646
836441e0,0,0.4412,0.5185
b2ee078f,0,0.4013,0.3527
ea4dfd06,0,0.5371,0.5048
5ef98493,0,0.5041,0.2474
608d5350,0,0.606,0.5704
3c34029a,0,0.453,0.4095
5ce3a957,0,0.4163,0.3653
2cf44fe2,0,0.3764,0.3602
6c96f451,0,0.6621,0.4169
6187c506,0,0.5483,0.4683
3b7f9305,0,0.6485,0.5145
e2a9f267,0,0.4022,0.29
1175fcec,0,0.3771,0.1714
73ae2bd5,0,0.4557,0.4181
f715389c,0,0.5068,0.3005
e9a8328c,0,0.5531,0.4214
d9208add,0,0.4559,0.5277
e551b767,0,0.3486,0.4294
feff9248,0,0.5598,0.2535
e9670f7f,0,0.417,0.4445
b12867b5,0,0.5765,0.333
02103f43,0,0.7459,0.4174
05da6df5,0,0.2792,0.1523
a76fd93c,0,0.5783,0.1998
71ce41c3,0,0.4408,0.3519
98b0d727,1,0.4621,0.3915
9b7c698c,0,0.4015,0.2266
0b66da7a,0,0.3983,0.1963
2c1f7de9,0,0.3514,0.3872
4fad3286,0,0.4655,0.3853
e1b33fe0,0,0.3527,0.0985
585597a9,0,0.3701,0.2767
0eacf79f,0,0.4537,0.2487
cf0cee54,0,0.4814,0.2779
89210f15,0,0.4125,0.2118
874dc4f7,0,0.3566,0.2943
97d11e35,0,0.5579,0.3139
8be81d46,0,0.4634,0.308
a60d5ec5,0,0.6802,0.4029
336c51c4,1,0.6521,0.3761
b4790afe,0,0.4385,0.2493
e3e2d5be,0,0.3973,0.2395
37c393b2,0,0.4361,0.2069
cd008a0c,0,0.4557,0.4181
68bd1bec,0,0.4061,0.2027
53c75f7f,0,0.4314,0.3543
8c9cd880,0,0.404,0.4472
c6cbfc94,0,0.5599,0.4453
9674ffeb,1,0.3721,0.2309
704ca53d,0,0.598,0.1527
dcb76bfe,0,0.4381,0.4559
fd7385c3,0,0.5291,0.2988
50b8d591,0,0.5037,0.2057
180bfac2,1,0.4948,0.303
bb9f319f,0,0.472,0.4022
b5be9002,0,0.406,0.3425
833564b7,0,0.4565,0.4203
13e06868,0,0.3378,0.3125
11cefe76,0,0.3688,0.2805
5b6c04a7,0,0.4718,0.5185
684ac43a,0,0.541,0.5154
ced48470,0,0.667,0.569
0edc6202,0,0.4778,0.4604
f6998a8e,0,0.4493,0.1304
fa9765fb,0,0.4204,0.325
7fdb762a,0,0.5519,0.3337
32c28c24,1,0.4164,0.3009
8990595b,1,0.7043,0.4837
1bc25755,0,0.381,0.244
ef5d45aa,0,0.4493,0.1304
853e1b88,0,0.4933,0.4744
cf9cc3a3,0,0.406,0.4426
7c6d4548,0,0.502,0.3352
e3fa6c41,0,0.5856,0.4574
3c082e2f,0,0.4985,0.5689
478e057b,0,0.4882,0.387
564ec25b,1,0.631,0.5398
269b9931,0,0.3724,0.3918
267516b9,0,0.3797,0.2844
c5967024,0,0.6055,0.4467
bf3a8f21,0,0.3404,0.1901
acefb991,0,0.4414,0.33
6b475ffb,0,0.4906,0.2587
157a8edd,0,0.4816,0.26
a33625cd,0,0.4314,0.226
02947bcc,0,0.482,0.3991
9f20ab83,0,0.4493,0.1304
61f2506f,1,0.3283,0.2359
d4445639,0,0.456,0.4196
e9404e6a,0,0.5937,0.3675
9544b7d7,0,0.4709,0.2773
8204c417,0,0.6303,0.6284
c2e74510,0,0.3804,0.2165
970b8fdf,0,0.5634,0.3118
5cf6f618,0,0.5567,0.4835
4e21fb81,0,0.6726,0.3241
e5110e27,0,0.4293,0.329
c60986a1,0,0.5807,0.3488
18d52fb2,0,0.6616,0.4915
3c24db38,0,0.5398,0.3439
c9e1aaae,0,0.6283,0.5225
cc294365,1,0.6123,0.4172
c0697b9d,0,0.4304,0.3838
338bf36f,0,0.5592,0.4068
198c6a09,0,0.4262,0.3371
24f1fb96,0,0.6631,0.4079
93cab9e0,0,0.7177,0.6306
d495bd94,0,0.4158,0.3387
368873d6,0,0.6757,0.4086
20d36e9a,0,0.4552,0.3789
9d9f86eb,0,0.4556,0.2945
3ce707d0,0,0.5946,0.7017
cab93c8e,0,0.4889,0.2024
b9309901,0,0.5067,0.3197
f85adbc1,0,0.4162,0.1296
813734a1,0,0.3947,0.2876
46ee68ae,0,0.5118,0.6233
0ef44a28,0,0.4031,0.2866
9c80281f,0,0.3342,0.3747
6c8ffe13,0,0.3135,0.1373
bdd00183,0,0.3474,0.1613
fcf1801f,0,0.3864,0.2817
531c111a,0,0.472,0.4124
eb096583,0,0.5233,0.4788
19873105,1,0.5068,0.3667
11034cb6,0,0.404,0.4472
52bc262b,0,0.6869,0.4602
7cffc4d6,0,0.5633,0.3627
555ec6a7,0,0.6036,0.577
d5e334c1,0,0.4244,0.4314
cd6faf1b,0,0.4953,0.2462
df5ff900,1,0.6313,0.5116
102bfe74,0,0.5038,0.2545
2e78683f,0,0.4693,0.2526
9320c91b,0,0.4304,0.3838
93ab8a31,0,0.3676,0.2779
dcb8a698,0,0.4084,0.3924
7e7f850d,0,0.4541,0.0737
d9193e0c,0,0.5495,0.4227
e4c193d2,0,0.4681,0.1509
ecd866e2,0,0.6524,0.4935
6b3578a2,0,0.3772,0.1149
9362db4a,0,0.7265,0.4732
feaf1d94,0,0.5648,0.3716
39a82930,0,0.49,0.3409
26c200bc,0,0.4412,0.5185
ad014419,1,0.5507,0.4098
65f51c2d,0,0.4445,0.4843
31ebfd92,1,0.4103,0.4039
e0756e1c,0,0.5953,0.5511
4bfb1dd9,0,0.4967,0.294
1ee15206,0,0.4442,0.4921
dfb5b03f,0,0.4495,0.3665
4bff50bd,0,0.4702,0.3916
4f3334b7,0,0.4347,0.3141
bdcfb690,0,0.4149,0.2405
9ab976c6,0,0.6048,0.469
2b6a3728,0,0.4495,0.3902
c32019b5,0,0.4866,0.3142
2e74e91c,1,0.4217,0.1749
1942daf1,0,0.3721,0.2776
89964267,0,0.4692,0.4801
60507953,0,0.4142,0.2712
98ebdbef,0,0.3599,0.2221
7921de85,0,0.6083,0.4059
d501bc67,1,0.6112,0.4825
e45fda8e,0,0.6674,0.6291
80ce2e74,0,0.4877,0.5924
b5ed4457,1,0.4017,0.1406
9bffb592,1,0.4495,0.3902
fb68e4d6,0,0.5961,0.3538
da71af99,1,0.4064,0.4599
d989d641,0,0.6565,0.5453
af823df3,0,0.4454,0.2705
881f31c9,0,0.4408,0.2709
67bd40c1,0,0.5975,0.6468
5a6b0b2b,0,0.3508,0.2898
46442aa9,0,0.3683,0.4488
de5a00cb,1,0.6759,0.5316
39d3e747,0,0.417,0.4445
1845b9af,0,0.4178,0.2357
121367f0,0,0.3135,0.1373
87d03e18,0,0.6849,0.5354
8dda1e43,0,0.5107,0.3034
770cfb01,0,0.3683,0.4488
5fedc6c7,0,0.4973,0.3974
6d1dfa28,1,0.4568,0.2327
4c19c8b0,0,0.4093,0.1906
87e9f6da,0,0.4856,0.3845
23541710,0,0.42,0.2916
3eb39e9b,0,0.6028,0.4193
bd3734df,0,0.453,0.4095
21d5faf3,0,0.4406,0.4877
f17e8543,0,0.5584,0.3949
7a35d46d,0,0.3553,0.269
7272b5ce,0,0.5584,0.4344
7836e9ed,0,0.5772,0.3904
5834aaca,0,0.3882,0.3317
f1c6a4b8,0,0.4835,0.4548
22350d05,0,0.4621,0.3915
1c5b4e38,0,0.3365,0.3647
bee0a0c5,0,0.3285,0.2866
99fb1b22,0,0.564,0.61
4f3968cc,0,0.2047,0.1317
fd286d2e,0,0.3824,0.1344
a0c85e9d,1,0.4866,0.2463
b11a9f71,0,0.7177,0.6306
66fe651f,0,0.4944,0.5829
88196b69,0,0.6115,0.3127
81781eec,0,0.4366,0.3167
2bd99af0,0,0.417,0.4445
346d00ca,0,0.6512,0.3132
10a0a018,0,0.4115,0.2612
933160cf,0,0.699,0.4636
d7d196ec,0,0.3953,0.4045
ddabd26e,0,0.1997,0.232
c0940e40,0,0.6939,0.3362
9112f67e,0,0.2868,0.118
b207ea5b,0,0.38,0.164
a96dd2cc,0,0.4948,0.1422
e77fa975,0,0.7742,0.4381
d0f81d88,0,0.3979,0.3342
143b29de,1,0.2828,0.4235
cd9de07d,0,0.414,0.3426
b248c027,0,0.6078,0.277
d6c863cf,0,0.6228,0.3411
88bd481f,1,0.404,0.1676
b890669f,0,0.3648,0.276
fc942605,0,0.671,0.3232
8551dc92,0,0.588,0.4511
f5e5ae82,0,0.4621,0.3915
28900e1a,0,0.6577,0.2325
418e6b9e,0,0.5098,0.3793
cf113fd5,0,0.4861,0.4704
158ef3d7,0,0.4623,0.3876
5e4d0755,0,0.3592,0.3141
b23ba6b3,0,0.6179,0.4285
883d1791,0,0.4426,0.1695
69120a49,0,0.2934,0.3142
6ae6a9a2,0,0.5264,0.294
4f91d977,0,0.3769,0.2273
d86c1f72,0,0.4762,0.3788
6eb0dd48,0,0.4125,0.2118
4624d12e,0,0.5878,0.4133
efd2aecc,0,0.5304,0.3665
f483721c,1,0.4621,0.3915
a4fda266,0,0.4121,0.158
807e0208,0,0.5352,0.308
c0679c3a,0,0.5266,0.1622
4e0a2a24,0,0.5805,0.2794
8ad0cdf4,0,0.4351,0.2916
7d888668,0,0.4557,0.1668
f2b598e6,0,0.4499,0.1364
256b6652,0,0.3694,0.4638
1fe623f4,0,0.6849,0.4213
4d90b5c7,0,0.4106,0.145
3a2b232d,0,0.4328,0.5054
9d78a2ac,0,0.563,0.2743
cbb80052,0,0.2703,0.127
c3378161,0,0.6835,0.3941
a38e8b6c,0,0.4705,0.2328
e26e6fdd,0,0.4651,0.1879
e33ddc95,0,0.5792,0.4141
d40ef902,0,0.5831,0.4134
4e55fc91,0,0.6781,0.6382
c06b462c,0,0.5604,0.516
8ac160fc,0,0.417,0.4445
fd504aa0,0,0.4815,0.3323
ae3bfeb3,1,0.4107,0.4457
db3a634c,1,0.3747,0.169
b3cfb3ed,1,0.4653,0.4534
fe833d24,0,0.4779,0.4162
53bdb8cf,0,0.3963,0.5173
aa49d6e1,1,0.5121,0.408
b5b1fa7a,0,0.4131,0.2606
2b60d988,0,0.3909,0.243
c99a1224,0,0.5643,0.2179
ac4de7b6,0,0.6272,0.3958
0572ef2c,0,0.4931,0.3009
c415c063,0,0.3518,0.0841
0768e95f,0,0.369,0.3283
14eeb105,0,0.3391,0.2488
48dd2b1f,0,0.4565,0.1547
cda137e0,0,0.5619,0.2574
244327d7,0,0.44,0.1503
9e1569bb,0,0.4983,0.3986
ec036ada,0,0.4917,0.2438
49c1b400,0,0.4586,0.2013
50c33341,0,0.4358,0.0983
5c079447,0,0.6544,0.5677
a5d704db,0,0.6246,0.2981
fef64f8a,0,0.4843,0.1887
648044a8,1,0.6335,0.4745
3fdf16b2,0,0.458,0.5507
9320d8fa,1,0.4017,0.1998
decaffb8,0,0.4665,0.2089
5611137d,1,0.5014,0.4496
f50629ac,1,0.455,0.6331
6e64b8da,0,0.3508,0.2898
72fad613,0,0.4906,0.2587
db14a36e,0,0.6149,0.4265
b126374a,0,0.4956,0.3191
8d098b63,0,0.4464,0.2325
88ee7971,0,0.3812,0.2898
15a9962c,1,0.4246,0.2998
41c58a6a,0,0.4857,0.4213
9b904a21,0,0.6238,0.4692
bc601cba,0,0.6205,0.4688
58cd4123,0,0.391,0.4111
a7af4f70,0,0.4434,0.5231
6d83e4f7,0,0.4325,0.1456
d78c4374,0,0.3858,0.2643
7cdb67b7,0,0.6128,0.2849
11ac181d,0,0.4621,0.3915
1d8f62ee,0,0.3523,0.3102
1cee9b01,0,0.5294,0.3242
88ee9929,0,0.4015,0.2264
c14d25a2,0,0.4525,0.3648
3de66c35,0,0.4566,0.2411
704f09d2,0,0.4697,0.2833
74cfac58,0,0.4721,0.4435
2b31996d,0,0.4973,0.3974
24dc2a7a,0,0.6341,0.3272
dd8b4e99,0,0.4609,0.3473
3df8890c,0,0.3683,0.4488
3e0ef246,0,0.4973,0.3974
bf025879,0,0.4347,0.3141
9f9e1e4f,0,0.4935,0.4638
56fdee3d,0,0.4463,0.2212
9fb61dda,1,0.3901,0.2852
03acef2d,0,0.3453,0.2159
3a12e62e,0,0.3446,0.2307
00556cd7,1,0.5628,0.2448
bdce2678,0,0.6011,0.41
8ee6b428,0,0.4086,0.4198
fb267f64,1,0.452,0.2969
d1e99d3b,0,0.5654,0.5592
0a4ba200,0,0.4905,0.4465
4154b9cc,0,0.4057,0.2187
acd7cb00,0,0.5588,0.3187
8b8f3220,0,0.6879,0.6668
faa22870,0,0.4302,0.4483
fb4aecf8,0,0.5593,0.1935
afc2e992,0,0.4905,0.4465
578cb4d7,0,0.4741,0.2589
0400b903,0,0.4332,0.4799
1789f6eb,0,0.4588,0.1891
8dcc19a2,0,0.5014,0.5486
74a2130d,0,0.4104,0.2587
3ef1be23,0,0.5085,0.4058
a65d504d,0,0.3851,0.2957
b7f3f129,1,0.5439,0.2985
c7c58f4d,0,0.4918,0.5247
195337dd,0,0.4363,0.3342
2cdb9dc0,0,0.7128,0.6153
36dd2e39,0,0.5455,0.349
2751d74a,0,0.4884,0.2679
988f9964,0,0.3596,0.1663
04239102,0,0.4948,0.1422
16b6bc6a,0,0.5406,0.5888
3f68e55a,0,0.6289,0.6155
b0592848,1,0.6352,0.5707
29d3ede8,0,0.4982,0.4469
2bf786b4,0,0.3016,0.1363
6e867914,0,0.4324,0.3261
1e4958d9,0,0.4773,0.2917
847281d9,0,0.4921,0.3406
2c68b1b1,0,0.6326,0.5237
6ad88690,1,0.6187,0.5436
0f26500d,1,0.5424,0.4613
f8399897,0,0.5409,0.2068
6398de74,0,0.4107,0.2637
b7ef3e2f,0,0.3485,0.2637
b3719e86,0,0.6203,0.3796
995f03ff,0,0.4473,0.3963
fefca313,0,0.3705,0.3228
d0585f1f,0,0.5012,0.4564
80331c02,0,0.6752,0.489
a5ee767d,0,0.3465,0.2949
ae53b988,0,0.4869,0.5071
18e68458,0,0.5915,0.6191
924f0c05,0,0.3698,0.1955
ac0b2cc6,0,0.5659,0.3764
03b5ee5c,0,0.3409,0.1278
c5e6cdac,0,0.3619,0.213
19c8e229,0,0.3552,0.3621
d77d85ef,0,0.5175,0.2978
10206a06,0,0.385,0.2026
2f6cb091,0,0.453,0.4095
c05b4427,0,0.4201,0.1423
eba1d283,0,0.5329,0.2794
6f304487,0,0.6126,0.6313
f83d8702,0,0.5277,0.2536
2f9f7101,0,0.4566,0.3668
de500ad1,0,0.4911,0.297
5ae6083d,0,0.4519,0.3978
d50d1068,0,0.4594,0.1246
b9030f99,0,0.7237,0.5742
